"id";"published";"creationDate";"modificationDate";"product";"unit"
"17";"1";"1648365676";"1649594627";"object:/Ball Python/0.1 ULTRAMEL 66% HET CLOWN 2021 FEMALE";"100 GR"
"30";"1";"1648987839";"1649594627";"object:/Ball Python/0.2 ULTRAMEL 66% HET CLOWN 2021 FEMALE";"100 GR"
"44";"1";"1649594095";"1649594627";"object:/Breeding/BREEDING-001/Product/0.1 CHILD 02";"100 GR"
"45";"1";"1649594107";"1649594627";"object:/Breeding/BREEDING-001/Product/0.1 CHILD 02";"100 GR"
"46";"1";"1649594110";"1649594635";"object:/Breeding/BREEDING-001/Product/0.1 CHILD 02";"200 GR"
"60";"1";"1650192653";"1650192653";"object:/Breeding/BREEDING-001/Product/0.1 CHILD 02";"100 GR"
"61";"1";"1650192653";"1650192653";"object:/Breeding/BREEDING-001/Product/0.1 CHILD 02";"100 GR"
"62";"1";"1650192654";"1650192654";"object:/Breeding/BREEDING-001/Product/0.1 CHILD 02";"200 GR"
"75";"1";"1650192698";"1650192698";"object:/Breeding/BREEDING-001/Product/0.1 CHILD 02";"100 GR"
"76";"1";"1650192698";"1650192698";"object:/Breeding/BREEDING-001/Product/0.1 CHILD 02";"100 GR"
"77";"1";"1650192699";"1650192699";"object:/Breeding/BREEDING-001/Product/0.1 CHILD 02";"200 GR"