id,fullpath,published,creationDate,modificationDate,product__id,unit
17,/Ball Python/0.1 ULTRAMEL 66% HET CLOWN 2021 FEMALE/Measurements/2022-03-01,1,1648365676,1649594627,13,10 GR
30,/Ball Python/0.2 ULTRAMEL 66% HET CLOWN 2021 FEMALE/Measurements/2022-04-01,1,1648987839,1649594627,27,20 GR
44,/Breeding/BREEDING-001/Product/0.1 CHILD 02/Measurements/2022-03-01,1,1649594095,1649594627,32,30 GR
45,/Breeding/BREEDING-001/Product/0.1 CHILD 02/Measurements/2022-04-09,1,1649594107,1649594627,32,40 GR
46,/Breeding/BREEDING-001/Product/0.1 CHILD 02/Measurements/2022-04-10,1,1649594110,1649594635,32,50 GR
60,/Breeding/BREEDING-002/Product/0.2 CHILD 02/Measurements/2022-03-01,1,1650192653,1650192653,32,60 GR
61,/Breeding/BREEDING-002/Product/0.2 CHILD 02/Measurements/2022-04-09,1,1650192653,1650192653,32,70 GR
62,/Breeding/BREEDING-002/Product/0.2 CHILD 02/Measurements/2022-04-10,1,1650192654,1650192654,32,80 GR
75,/Breeding/BREEDING-003/Product/0.3 CHILD 01/Measurements/2022-03-01,1,1650192698,1650192698,32,90 GR
76,/Breeding/BREEDING-003/Product/0.3 CHILD 01/Measurements/2022-04-09,1,1650192698,1650192698,32,100 GR
77,/Breeding/BREEDING-003/Product/0.3 CHILD 01/Measurements/2022-04-10,1,1650192699,1650192699,32,110 GR
